{
  "firstName": "Kylie",
  "lastName": "Lorem ipsum dolor sit amet, consectetur adipiscing elit. Proin convallis placerat vulputate. Sed ex justo, eleifend quis suscipit in, faucibus sit amet ligula. Vivamus vel commodo sapien. Nam leo nulla, ornare vitae commodo id, mollis vel est. Sed ut sollicitudin nibh. Vivamus elementum commodo est.",
  "accountName": "Universal Containers",
  "website": "www.universalcontainers.com",
  "subject": "Faulty Container",
  "description": "My container spilled into the ocean and you've lost all of my possessions!"
}
