<?xml version="1.0" encoding="UTF-8" ?>
<PermissionSet xmlns="http://soap.sforce.com/2006/04/metadata">
    <applicationVisibilities>
        <application>Functions_Recipes</application>
        <visible>true</visible>
    </applicationVisibilities>
    <classAccesses>
        <apexClass>InvokeProcessLargeDataFunction</apexClass>
        <enabled>true</enabled>
    </classAccesses>
    <description>Functions Recipes Application Permissions</description>
    <hasActivationRequired>false</hasActivationRequired>
    <label>Functions Recipes</label>
    <tabSettings>
        <tab>Functions</tab>
        <visibility>Visible</visibility>
    </tabSettings>
    <tabSettings>
        <tab>Invocation</tab>
        <visibility>Visible</visibility>
    </tabSettings>
</PermissionSet>
