<?xml version="1.0" encoding="UTF-8" ?>
<FlexiPage xmlns="http://soap.sforce.com/2006/04/metadata">
    <flexiPageRegions>
        <itemInstances>
            <componentInstance>
                <componentName>functionsRecipesContainer</componentName>
                <identifier>functionsRecipesContainerId</identifier>
            </componentInstance>
        </itemInstances>
        <name>content</name>
        <type>Region</type>
    </flexiPageRegions>
    <masterLabel>Functions</masterLabel>
    <template>
        <name>functionsRecipesTemplate</name>
    </template>
    <type>AppPage</type>
</FlexiPage>
