<?xml version="1.0" encoding="UTF-8" ?>
<CspTrustedSite xmlns="http://soap.sforce.com/2006/04/metadata">
    <context>All</context>
    <endpointUrl>https://jduque-school-data.herokuapp.com</endpointUrl>
    <isActive>true</isActive>
    <isApplicableToConnectSrc>true</isApplicableToConnectSrc>
    <isApplicableToFontSrc>true</isApplicableToFontSrc>
    <isApplicableToFrameSrc>true</isApplicableToFrameSrc>
    <isApplicableToImgSrc>true</isApplicableToImgSrc>
    <isApplicableToMediaSrc>true</isApplicableToMediaSrc>
    <isApplicableToStyleSrc>true</isApplicableToStyleSrc>
</CspTrustedSite>
