<?xml version="1.0" encoding="UTF-8" ?>
<CustomApplication xmlns="http://soap.sforce.com/2006/04/metadata">
    <brand>
        <headerColor>#372375</headerColor>
        <logo>Function_Icon_Square_2Color_RGB1</logo>
        <logoVersion>1</logoVersion>
        <shouldOverrideOrgTheme>false</shouldOverrideOrgTheme>
    </brand>
    <description
  >Functions Recipes is a library of examples to help you getting started with Salesforce Functions and get used to their main features.</description>
    <formFactors>Small</formFactors>
    <formFactors>Large</formFactors>
    <isNavAutoTempTabsDisabled>false</isNavAutoTempTabsDisabled>
    <isNavPersonalizationDisabled>false</isNavPersonalizationDisabled>
    <label>Functions Recipes</label>
    <navType>Standard</navType>
    <tabs>Functions</tabs>
    <tabs>Invocation</tabs>
    <uiType>Lightning</uiType>
    <utilityBar>Functions_Recipes_UtilityBar</utilityBar>
</CustomApplication>
